-- DROP SCHEMA IF EXISTS `fitchallenge`;DROP SCHEMA IF EXISTS `fitchallenge`;

-- -----------------------------------------------------
-- DATA `team`
-- -----------------------------------------------------

INSERT INTO `team`(team_name,create_time,max_capacity, cur_capacity, info)
VALUES
("한사랑산악회", "2023-05-02", 20, 3, "열쩡!열쩡!열쩡!"),
("동탄맘수영크루", "2023-05-03", 20, 3, "동탄맘 환영합니다~^^"),
("역삼역헬창모임", "2023-05-04", 20, 3, "3대500 이하 금지" ),
("지해랑달리기", "2023-05-05", 20, 3, "run with jihae" ),
("싸비8반", "2023-05-06", 30, 27, "오지해와 아이들" ),
("싸비55반", "2023-05-07", 30, 1, "55반 모여라~")

;


SELECT *
FROM team;

-- -----------------------------------------------------
-- DATA `user`
-- -----------------------------------------------------
INSERT INTO `user`(user_id,password,user_name,nickname,birth_date,gender,team_id,is_owner,reg_date)
VALUES 
("kimtaekjo", 1234, "김택조", "열쩡맨", "2023-05-01", 0, 1, true, "2023-05-05 01:01:01"),
("dongtanmam", 1234, "오윤정", "민정맘", "2023-05-01", 1, 2, true, "2023-05-05 01:01:01"),
("leejinsun", 1234, "이진선", "역삼역불주먹", "2023-05-01", 1, 3, true, "2023-05-05 01:01:01"),
("leejihae", 1234, "이지해", "탕수육은부먹", "2023-05-01", 1, 5, true, "2023-05-05 01:01:01"),
("github", 1234, "깃헙", "깃헙잔디", "2023-05-01", 1, 5, false, "2023-05-05 01:01:01"),
("baekjoon", 1234, "백준", "백준쨩", "2023-05-01", 1, 5, false, "2023-05-05 01:01:01"),
("manggom", 1234, "망글어진곰", "망곰", "2023-05-01", 1, 6, true, "2023-05-05 01:01:01"),

("ojh", 1234, "오지해", "지해오", "2023-05-01", 1, 5, true, "2023-05-02 01:01:01"),
("kby", 1234, "김부연", "나까무라킴", "2023-05-01", 1, 5, false, "2023-05-02 01:01:01"),
("hsm", 1234, "홍상민", "상민홍", "2023-05-01", 0, 5, false, "2023-05-02 01:01:01"),
("ysy", 1234, "유숭윤", "숭윤유", "2023-05-01", 0, 5, false, "2023-05-02 01:01:01"),
("mbk", 1234, "민벙기", "벙기민", "2023-05-01", 0, 5, false, "2023-05-02 01:01:01"),
("pjm", 1234, "박제민", "제민팍", "2023-05-01", 0, 5, false, "2023-05-02 01:01:01"),
("jys", 1234, "조운상", "운상조", "2023-05-01", 0, 5, false, "2023-05-02 01:01:01"),
("kdh", 1234, "김두휘", "두휘킴", "2023-05-01", 0, 5, false, "2023-05-02 01:01:01"),
("psh", 1234, "박숭희", "숭희팍", "2023-05-01", 1, 5, false, "2023-05-02 01:01:01"),
("pdg", 1234, "박둥건", "둥건팍", "2023-05-01", 0, 5, false, "2023-05-02 01:01:01"),
("sce", 1234, "송체은", "체은쏭", "2023-05-01", 1, 5, false, "2023-05-02 01:01:01"),
("jmy", 1234, "정민엉", "민엉정", "2023-05-01", 0, 5, false, "2023-05-02 01:01:01"),
("gsh", 1234, "권소휘", "소휘권", "2023-05-01", 1, 5, false, "2023-05-02 01:01:01"),
("ksh", 1234, "김소휘", "소휘킴", "2023-05-01", 1, 5, false, "2023-05-02 01:01:01"),
("ysj", 1234, "윤석중", "석중윤", "2023-05-01", 0, 5, false, "2023-05-02 01:01:01"),
("kmj", 1234, "김민쩡", "민쩡킴", "2023-05-01", 1, 5, false, "2023-05-02 01:01:01"),
("kmt", 1234, "김민테", "민테킴", "2023-05-01", 0, 5, false, "2023-05-02 01:01:01"),
("ojb", 1234, "오정븬", "정븬오", "2023-05-01", 1, 5, false, "2023-05-02 01:01:01"),
("psj", 1234, "박선준", "선준팍", "2023-05-01", 0, 5, false, "2023-05-02 01:01:01"),
("ysw", 1234, "염숭원", "숭원염", "2023-05-01", 0, 5, false, "2023-05-02 01:01:01"),
("les", 1234, "이운석", "운석리", "2023-05-01", 0, 5, false, "2023-05-02 01:01:01"),
("chj", 1234, "채형종", "형종채", "2023-05-01", 0, 5, false, "2023-05-02 01:01:01"),
("hsb", 1234, "한성빈", "성빈한", "2023-05-01", 0, 5, false, "2023-05-02 01:01:01"),
("yep", 1234, "양을퓔", "을퓔양", "2023-05-01", 0, 5, false, "2023-05-02 01:01:01"),
("ljy", 1234, "이쥬용", "쥬용리", "2023-05-01", 1, 5, false, "2023-05-02 01:01:01"),
("lcj", 1234, "이챵쥬", "챵쥬리", "2023-05-01", 0, 5, false, "2023-05-02 01:01:01"),
("jhr", 1234, "전햬런", "햬런전", "2023-05-01", 1, 5, false, "2023-05-02 01:01:01"),

("ssafy",1234,"김싸피","김싸피의닉네임","2000-01-01",0,null,false,"2023-05-01 01:01:01"),
("test","test","테스트","testnick","1999-12-12",1,1,false,"2023-05-02 01:01:01"),
("swim",1111,"이수영","swimnick","1998-11-11",0,1,false,"2023-05-03 01:01:01"),
("ssaowner",1111,"싸오너","싸오너닉네임","1997-10-10",1,2,false,"2023-05-04 01:01:01"),
("ssamember1",1111,"싸멤버1","싸멤버1닉네임","1997-08-08",0,2,false,"2023-05-05 01:01:01"),
("ssamember2",2222,"싸멤버2","싸멤버2닉네임","1997-07-07",1,3,false,"2023-05-06 01:01:01"),
("testowner",1111,"최싸피","테스트닉네임","1996-09-09",0,3,false,"2023-05-07 01:01:01")
;

SELECT *
FROM user;

-- -----------------------------------------------------
-- DATA `phrase`
-- -----------------------------------------------------
INSERT INTO `phrase`(content)
VALUES ("건강해지려면 운동해야 하고, 운동하려면 건강해야 한다"),
("운동해라, 잘 먹어라, 인내해라. 당신의 몸은 보답할 것이다"),
("그만두고 싶다는 생각이 들면 시작한 이유를 생각해라"),
("실패할 때 그만두면 실패가 된다. 성공할 때까지 하면 성공이 된다"),
("내가 결심한 순간 반은 성공한 것이다"),
("정확하게 반복하고 허세없이 운동해라 -제이 커틀러"),
("지금은 이 운동이 힘들지만, 언젠가는 워밍업이 될 것이다"),
("운동에 정답은 없다. 다만, 다치는 것은 오답이다 -김종국"),
("내가 선을 긋는 순간, 나의 한계가 결정된다 -심권호"),
("포기하지 않는 사람을 이기기는 어렵다 -베이브 루스"),
("가능성은 한계를 넘는다"),
("운동은 하루를 짧게 하지만 인생을 길게 해준다"),
("지금 나의 선택이 변화된 나를 만든다")
;

SELECT *
FROM phrase;

-- -----------------------------------------------------
-- DATA `sports`
-- -----------------------------------------------------
INSERT INTO `sports`(sports_name)
VALUES ("등산"),
("러닝"),
("수영"),
("자전거"),
("헬스")
;

SELECT *
FROM sports;

-- -----------------------------------------------------
-- DATA `goal`
-- -----------------------------------------------------
INSERT INTO `goal`(team_id,sports_id,goal_time,goal_distance)
VALUES 
(1,1,2,600),
(2,3,1,600),
(2,2,1,3000),
(3,5,3,0),
(3,2,1,3000),
(3,4,2,5000),
(4,1,1,500),
(4,2,2,5000),
(4,3,1,500),
(4,4,1,3000),
(5,1,1,500),
(5,2,1,500),
(5,3,1,500)
;

SELECT *
FROM goal;

SELECT g.goal_id,t.team_name,s.sports_name
FROM goal as g, team as t, sports as s
WHERE g.team_id=t.team_id AND g.sports_id=s.sports_id;


-- -----------------------------------------------------
-- DATA `daily`
-- -----------------------------------------------------
INSERT INTO `daily`(user_id,sports_id,daily_time,daily_distance,comment)
VALUES ("swim",3,1,200,"쉬엄쉬엄"),
("swim",1,2,100,null),
("ssafy",4,1,300,"싸피1234코멘트");
;

INSERT INTO `daily`(user_id,sports_id,date,daily_time,daily_distance)
VALUES("swim",3,"2023-05-13",1,10),
("swim",3,"2023-05-13",1,10),
("swim",3,"2023-05-14",1,100),
("swim",3,"2023-05-15",1,100),
("swim",3,"2023-05-16",1,100),
("swim",3,"2023-05-17",1,100),
("test",3,"2023-05-16",1,100),
("test",3,"2023-05-17",1,100)
;

INSERT INTO `daily`(user_id,sports_id,date,daily_time,daily_distance)
VALUES("swim",3,"2023-05-22",1,10),
("swim",3,"2023-05-22",1,10),
("swim",3,"2023-05-23",1,100),
("swim",3,"2023-05-24",1,100),
("swim",3,"2023-05-25",1,100),
("swim",3,"2023-05-26",1,100),
("test",3,"2023-05-25",1,100),
("test",3,"2023-05-26",1,100)
;

INSERT INTO `daily`(user_id,sports_id,date,daily_time,daily_distance)
VALUES("ssaowner",2,"2023-05-13",2,10),
("ssaowner",4,"2023-05-13",1,10),
("ssaowner",2,"2023-05-14",1,100),
("ssaowner",2,"2023-05-15",2,10),
("ssaowner",4,"2023-05-16",1,10),
("ssaowner",2,"2023-05-17",1,100),
("ssamember1",3,"2023-05-15",1,100),
("ssamember1",2,"2023-05-16",1,100),
("ssamember2",3,"2023-05-16",1,100),
("ssamember2",2,"2023-05-17",1,100),
("ssamember2",4,"2023-05-17",1,100)
;

INSERT INTO `daily`(user_id,sports_id,date,daily_time,daily_distance)
VALUES("ssaowner",2,"2023-05-22",2,10),
("ssaowner",4,"2023-05-22",1,10),
("ssaowner",2,"2023-05-23",1,100),
("ssaowner",2,"2023-05-24",2,10),
("ssaowner",4,"2023-05-25",1,10),
("ssaowner",2,"2023-05-26",1,100),
("ssamember1",3,"2023-05-24",1,100),
("ssamember1",2,"2023-05-25",1,100),
("ssamember2",3,"2023-05-25",1,100),
("ssamember2",2,"2023-05-26",1,100),
("ssamember2",4,"2023-05-26",1,100)
;


INSERT INTO `daily`(user_id,sports_id,date,daily_time,daily_distance, comment)
VALUES
("ojh",4,"2023-05-10",1,3900,"BTS,봉준호,손흥민, 레츠고"),
("ojh",4,"2023-05-12",2,1000,"."),
("ojh",2,"2023-05-13",2,1500,"."),
("ojh",1,"2023-05-15",2,1800,"오예 불금~~"),
("ojh",1,"2023-05-16",2,1500,"이제 알고리즘 문제 풀러 가볼까!!"),
("ojh",4,"2023-05-18",2,2800,"굿굿"),
("ojh",2,"2023-05-20",2,4300,"열심히 운동 했으니까 치맥해도 되겠지...?"),
("ojh",3,"2023-05-21",1,2100,"아침운동 굿"),
("ojh",3,"2023-05-23",1,3000,"굿굿"),
("ojh",3,"2023-05-25",1,3600,"오늘도 보람찬 하루였다!"),

("kby",2,"2023-05-10",2,1200,"이제 코딩 하러 가볼까!!"),
("kby",3,"2023-05-12",2,4600,"오늘 하루 열심히 산 나 칭찬해~"),
("kby",2,"2023-05-13",1,1400,"."),
("kby",4,"2023-05-15",1,300,"오예 불금~~"),
("kby",1,"2023-05-16",1,1000,"열심히 운동 했으니까 치맥해도 되겠지...?"),
("kby",3,"2023-05-18",2,1600,"이제 알고리즘 문제 풀러 가볼까!!"),
("kby",4,"2023-05-20",1,1700,"오운완"),
("kby",2,"2023-05-21",1,3400,"이제 알고리즘 문제 풀러 가볼까!!"),
("kby",4,"2023-05-23",1,2200,"굿굿"),
("kby",4,"2023-05-25",2,4600,"오운완"),

("hsm",1,"2023-05-10",1,200,"오늘,운동,성공적"),
("hsm",3,"2023-05-12",1,4500,"이제 알고리즘 문제 풀러 가볼까!!"),
("hsm",3,"2023-05-13",1,1100,"열심히 운동 했으니까 치맥해도 되겠지...?"),
("hsm",4,"2023-05-15",1,2100,"이제 코딩 하러 가볼까!!"),
("hsm",3,"2023-05-16",1,4100,"이제 알고리즘 문제 풀러 가볼까!!"),
("hsm",4,"2023-05-18",1,100,"오늘,운동,성공적"),
("hsm",3,"2023-05-20",2,3500,"BTS,봉준호,손흥민, 레츠고"),
("hsm",2,"2023-05-21",1,4500,"이제 알고리즘 문제 풀러 가볼까!!"),
("hsm",2,"2023-05-23",1,800,"오예 불금~~"),
("hsm",3,"2023-05-25",1,2500,"오늘 하루 열심히 산 나 칭찬해~"),

("ysy",1,"2023-05-10",2,4000,"굿굿"),
("ysy",4,"2023-05-12",2,4800,"BTS,봉준호,손흥민, 레츠고"),
("ysy",3,"2023-05-13",2,3200,"."),
("ysy",3,"2023-05-15",1,1700,"이제 코딩 하러 가볼까!!"),
("ysy",3,"2023-05-16",2,3200,"오늘,운동,성공적"),
("ysy",3,"2023-05-18",1,2600,"오늘 하루 열심히 산 나 칭찬해~"),
("ysy",2,"2023-05-20",1,1500,"오늘 하루 열심히 산 나 칭찬해~"),
("ysy",3,"2023-05-21",2,900,"오운완"),
("ysy",1,"2023-05-23",1,2800,"오늘,운동,성공적"),
("ysy",3,"2023-05-25",2,1700,"이제 코딩 하러 가볼까!!"),

("mbk",3,"2023-05-10",2,800,"오늘 하루 열심히 산 나 칭찬해~"),
("mbk",3,"2023-05-12",1,4500,"오예 불금~~"),
("mbk",1,"2023-05-13",2,3300,"아침운동 굿"),
("mbk",3,"2023-05-15",2,3500,"오예 불금~~"),
("mbk",2,"2023-05-16",2,3200,"오늘 하루 열심히 산 나 칭찬해~"),
("mbk",1,"2023-05-18",2,4600,"오예 불금~~"),
("mbk",2,"2023-05-20",1,2100,"이제 코딩 하러 가볼까!!"),
("mbk",1,"2023-05-21",1,4900,"오예 불금~~"),
("mbk",2,"2023-05-23",1,2200,"오늘 하루 열심히 산 나 칭찬해~"),
("mbk",4,"2023-05-25",1,900,"이제 코딩 하러 가볼까!!"),

("pjm",1,"2023-05-10",1,1200,"내일 출근 실화냐.."),
("pjm",1,"2023-05-12",1,900,"아침운동 굿"),
("pjm",3,"2023-05-13",2,1600,"내일 출근 실화냐.."),
("pjm",3,"2023-05-15",1,300,"오늘 하루 열심히 산 나 칭찬해~"),
("pjm",2,"2023-05-16",2,1400,"BTS,봉준호,손흥민, 레츠고"),
("pjm",2,"2023-05-18",1,4900,"오늘도 보람찬 하루였다!"),
("pjm",4,"2023-05-20",2,1200,"이제 알고리즘 문제 풀러 가볼까!!"),
("pjm",3,"2023-05-21",1,100,"오예 불금~~"),
("pjm",1,"2023-05-23",2,1400,"."),
("pjm",3,"2023-05-25",2,1500,"이제 코딩 하러 가볼까!!"),

("jys",3,"2023-05-10",1,4300,"굿굿"),
("jys",3,"2023-05-12",2,2600,"열심히 운동 했으니까 치맥해도 되겠지...?"),
("jys",4,"2023-05-13",2,1900,"오예 불금~~"),
("jys",3,"2023-05-15",2,3600,"오늘도 보람찬 하루였다!"),
("jys",2,"2023-05-16",1,4200,"오운완"),
("jys",4,"2023-05-18",1,4000,"."),
("jys",2,"2023-05-20",1,3000,"오운완"),
("jys",1,"2023-05-21",1,4500,"오늘 하루 열심히 산 나 칭찬해~"),
("jys",1,"2023-05-23",2,4600,"내일 출근 실화냐.."),
("jys",2,"2023-05-25",2,400,"이제 코딩 하러 가볼까!!"),

("kdh",4,"2023-05-10",2,4900,"열심히 운동 했으니까 치맥해도 되겠지...?"),
("kdh",3,"2023-05-12",2,1400,"."),
("kdh",1,"2023-05-13",1,4300,"."),
("kdh",3,"2023-05-15",2,400,"이제 알고리즘 문제 풀러 가볼까!!"),
("kdh",1,"2023-05-16",1,4100,"이제 코딩 하러 가볼까!!"),
("kdh",2,"2023-05-18",2,200,"오예 불금~~"),
("kdh",3,"2023-05-20",1,1200,"오늘,운동,성공적"),
("kdh",4,"2023-05-21",1,3700,"오늘 하루 열심히 산 나 칭찬해~"),
("kdh",2,"2023-05-23",1,1100,"."),
("kdh",2,"2023-05-25",2,2100,"굿굿"),

("psh",3,"2023-05-10",1,2900,"오운완"),
("psh",2,"2023-05-12",1,1000,"오늘,운동,성공적"),
("psh",1,"2023-05-13",1,4100,"."),
("psh",1,"2023-05-15",2,4300,"오늘도 보람찬 하루였다!"),
("psh",1,"2023-05-16",2,4900,"이제 코딩 하러 가볼까!!"),
("psh",2,"2023-05-18",2,4000,"오운완"),
("psh",1,"2023-05-20",1,2600,"."),
("psh",4,"2023-05-21",1,4700,"이제 코딩 하러 가볼까!!"),
("psh",4,"2023-05-23",2,800,"오운완"),
("psh",3,"2023-05-25",1,4200,"이제 코딩 하러 가볼까!!"),

("pdg",2,"2023-05-10",1,2200,"."),
("pdg",3,"2023-05-12",1,1700,"오늘,운동,성공적"),
("pdg",1,"2023-05-13",1,4500,"이제 알고리즘 문제 풀러 가볼까!!"),
("pdg",3,"2023-05-15",1,2100,"이제 코딩 하러 가볼까!!"),
("pdg",4,"2023-05-16",1,1700,"열심히 운동 했으니까 치맥해도 되겠지...?"),
("pdg",4,"2023-05-18",1,4300,"오예 불금~~"),
("pdg",1,"2023-05-20",2,1500,"오늘도 보람찬 하루였다!"),
("pdg",2,"2023-05-21",1,4100,"오예 불금~~"),
("pdg",3,"2023-05-23",1,4200,"오늘,운동,성공적"),
("pdg",1,"2023-05-25",1,4900,"내일 출근 실화냐.."),
("pdg",4,"2023-05-24",1,3100,"열심히 운동 했으니까 치맥해도 되겠지...?"),

("sce",1,"2023-05-10",1,2100,"BTS,봉준호,손흥민, 레츠고"),
("sce",2,"2023-05-12",2,4900,"내일 출근 실화냐.."),
("sce",1,"2023-05-13",2,700,"오늘도 보람찬 하루였다!"),
("sce",4,"2023-05-15",1,1300,"."),
("sce",2,"2023-05-16",2,1700,"오운완"),
("sce",3,"2023-05-18",2,4200,"아침운동 굿"),
("sce",3,"2023-05-20",1,900,"오늘 하루 열심히 산 나 칭찬해~"),
("sce",1,"2023-05-21",2,2800,"오늘,운동,성공적"),
("sce",1,"2023-05-23",2,4500,"오늘 하루 열심히 산 나 칭찬해~"),
("sce",2,"2023-05-25",2,1900,"이제 코딩 하러 가볼까!!"),

("jmy",3,"2023-05-10",1,3700,"오운완"),
("jmy",3,"2023-05-12",1,4000,"오늘,운동,성공적"),
("jmy",2,"2023-05-13",2,2800,"아침운동 굿"),
("jmy",1,"2023-05-15",1,2300,"오늘도 보람찬 하루였다!"),
("jmy",4,"2023-05-16",1,300,"열심히 운동 했으니까 치맥해도 되겠지...?"),
("jmy",2,"2023-05-18",1,100,"오운완"),
("jmy",4,"2023-05-20",1,3800,"굿굿"),
("jmy",3,"2023-05-21",1,4900,"."),
("jmy",4,"2023-05-23",1,3100,"열심히 운동 했으니까 치맥해도 되겠지...?"),
("jmy",2,"2023-05-25",1,3800,"오예 불금~~"),

("gsh",4,"2023-05-10",1,300,"오운완"),
("gsh",4,"2023-05-12",1,1700,"내일 출근 실화냐.."),
("gsh",3,"2023-05-13",2,3600,"오예 불금~~"),
("gsh",3,"2023-05-15",1,1400,"이제 알고리즘 문제 풀러 가볼까!!"),
("gsh",3,"2023-05-16",2,4700,"."),
("gsh",2,"2023-05-18",1,4100,"굿굿"),
("gsh",2,"2023-05-20",1,2000,"오늘도 보람찬 하루였다!"),
("gsh",1,"2023-05-21",1,1100,"이제 코딩 하러 가볼까!!"),
("gsh",3,"2023-05-23",2,1500,"이제 알고리즘 문제 풀러 가볼까!!"),
("gsh",2,"2023-05-25",1,1900,"오예 불금~~"),

("ksh",2,"2023-05-10",2,1600,"내일 출근 실화냐.."),
("ksh",4,"2023-05-12",2,1700,"열심히 운동 했으니까 치맥해도 되겠지...?"),
("ksh",3,"2023-05-13",2,200,"BTS,봉준호,손흥민, 레츠고"),
("ksh",4,"2023-05-15",2,1100,"오늘도 보람찬 하루였다!"),
("ksh",3,"2023-05-16",1,2800,"이제 알고리즘 문제 풀러 가볼까!!"),
("ksh",1,"2023-05-18",1,2900,"이제 코딩 하러 가볼까!!"),
("ksh",1,"2023-05-20",1,1200,"오늘 하루 열심히 산 나 칭찬해~"),
("ksh",1,"2023-05-21",1,3300,"."),
("ksh",3,"2023-05-23",1,3600,"."),
("ksh",3,"2023-05-25",1,500,"굿굿"),

("ysj",4,"2023-05-10",2,100,"오늘도 보람찬 하루였다!"),
("ysj",4,"2023-05-12",1,3000,"이제 알고리즘 문제 풀러 가볼까!!"),
("ysj",2,"2023-05-13",1,3900,"."),
("ysj",3,"2023-05-15",2,1500,"오늘 하루 열심히 산 나 칭찬해~"),
("ysj",3,"2023-05-16",2,2600,"오늘 하루 열심히 산 나 칭찬해~"),
("ysj",1,"2023-05-18",1,900,"굿굿"),
("ysj",4,"2023-05-20",1,3400,"BTS,봉준호,손흥민, 레츠고"),
("ysj",3,"2023-05-21",1,1600,"내일 출근 실화냐.."),
("ysj",1,"2023-05-23",1,3000,"오운완"),
("ysj",3,"2023-05-25",2,1700,"오운완"),
("ysj",2,"2023-05-24",1,3900,"."),

("kmj",4,"2023-05-10",1,2700,"이제 알고리즘 문제 풀러 가볼까!!"),
("kmj",3,"2023-05-12",1,1300,"."),
("kmj",2,"2023-05-13",1,2200,"아침운동 굿"),
("kmj",1,"2023-05-15",2,4500,"오운완"),
("kmj",3,"2023-05-16",1,1500,"이제 코딩 하러 가볼까!!"),
("kmj",3,"2023-05-18",1,4600,"."),
("kmj",1,"2023-05-20",2,4800,"내일 출근 실화냐.."),
("kmj",3,"2023-05-21",1,900,"열심히 운동 했으니까 치맥해도 되겠지...?"),
("kmj",3,"2023-05-23",2,600,"이제 알고리즘 문제 풀러 가볼까!!"),
("kmj",1,"2023-05-25",1,2300,"오늘,운동,성공적"),
("kmj",4,"2023-05-26",1,3300,"이제 알고리즘 문제 풀러 가볼까!!"),
("kmj",2,"2023-05-24",2,6000,"."),

("kmt",4,"2023-05-10",2,1300,"이제 코딩 하러 가볼까!!"),
("kmt",1,"2023-05-12",2,100,"오늘도 보람찬 하루였다!"),
("kmt",1,"2023-05-13",2,400,"BTS,봉준호,손흥민, 레츠고"),
("kmt",1,"2023-05-15",1,500,"BTS,봉준호,손흥민, 레츠고"),
("kmt",4,"2023-05-16",1,700,"아침운동 굿"),
("kmt",2,"2023-05-18",2,1400,"굿굿"),
("kmt",3,"2023-05-20",1,2900,"아침운동 굿"),
("kmt",1,"2023-05-21",2,3700,"내일 출근 실화냐.."),
("kmt",3,"2023-05-23",2,600,"이제 코딩 하러 가볼까!!"),
("kmt",4,"2023-05-25",2,2500,"이제 코딩 하러 가볼까!!"),
("kmt",1,"2023-05-24",2,1400,"굿굿"),
("kmt",2,"2023-05-24",2,5000,"BTS,봉준호,손흥민, 레츠고"),

("ojb",4,"2023-05-10",1,1700,"오운완"),
("ojb",1,"2023-05-12",2,3500,"."),
("ojb",3,"2023-05-13",2,700,"이제 알고리즘 문제 풀러 가볼까!!"),
("ojb",1,"2023-05-15",1,500,"오운완"),
("ojb",3,"2023-05-16",1,4200,"내일 출근 실화냐.."),
("ojb",1,"2023-05-18",2,400,"내일 출근 실화냐.."),
("ojb",3,"2023-05-20",2,1800,"오늘,운동,성공적"),
("ojb",3,"2023-05-21",2,2400,"이제 알고리즘 문제 풀러 가볼까!!"),
("ojb",2,"2023-05-23",1,2600,"이제 코딩 하러 가볼까!!"),
("ojb",3,"2023-05-25",1,1900,"오운완"),

("psj",1,"2023-05-10",2,3300,"오운완"),
("psj",4,"2023-05-12",1,2000,"오늘도 보람찬 하루였다!"),
("psj",1,"2023-05-13",1,2800,"."),
("psj",2,"2023-05-15",2,600,"오예 불금~~"),
("psj",3,"2023-05-16",2,1000,"."),
("psj",2,"2023-05-18",1,800,"오늘 하루 열심히 산 나 칭찬해~"),
("psj",2,"2023-05-20",2,3200,"내일 출근 실화냐.."),
("psj",4,"2023-05-21",2,3800,"굿굿"),
("psj",1,"2023-05-23",2,3700,"오늘,운동,성공적"),
("psj",4,"2023-05-25",2,4400,"오늘,운동,성공적"),

("ysw",2,"2023-05-10",1,2100,"이제 코딩 하러 가볼까!!"),
("ysw",4,"2023-05-12",1,2100,"내일 출근 실화냐.."),
("ysw",1,"2023-05-13",1,3500,"오늘 하루 열심히 산 나 칭찬해~"),
("ysw",2,"2023-05-15",1,1600,"오늘,운동,성공적"),
("ysw",3,"2023-05-16",2,2000,"오늘 하루 열심히 산 나 칭찬해~"),
("ysw",4,"2023-05-18",1,300,"열심히 운동 했으니까 치맥해도 되겠지...?"),
("ysw",1,"2023-05-20",2,4900,"열심히 운동 했으니까 치맥해도 되겠지...?"),
("ysw",4,"2023-05-21",1,2800,"아침운동 굿"),
("ysw",4,"2023-05-23",2,500,"이제 코딩 하러 가볼까!!"),
("ysw",1,"2023-05-25",2,2400,"열심히 운동 했으니까 치맥해도 되겠지...?"),

("les",4,"2023-05-10",2,800,"내일 출근 실화냐.."),
("les",2,"2023-05-12",1,3800,"BTS,봉준호,손흥민, 레츠고"),
("les",3,"2023-05-13",2,4700,"이제 알고리즘 문제 풀러 가볼까!!"),
("les",4,"2023-05-15",1,3800,"오늘,운동,성공적"),
("les",4,"2023-05-16",2,2000,"오예 불금~~"),
("les",4,"2023-05-18",2,3800,"."),
("les",3,"2023-05-20",1,900,"오운완"),
("les",1,"2023-05-21",2,700,"이제 코딩 하러 가볼까!!"),
("les",1,"2023-05-23",2,500,"오예 불금~~"),
("les",1,"2023-05-25",2,2300,"아침운동 굿"),

("chj",3,"2023-05-10",1,700,"이제 코딩 하러 가볼까!!"),
("chj",1,"2023-05-12",2,2000,"오운완"),
("chj",2,"2023-05-13",2,3200,"."),
("chj",3,"2023-05-15",2,500,"아침운동 굿"),
("chj",1,"2023-05-16",2,3600,"오늘 하루 열심히 산 나 칭찬해~"),
("chj",3,"2023-05-18",1,1000,"BTS,봉준호,손흥민, 레츠고"),
("chj",3,"2023-05-20",2,4700,"내일 출근 실화냐.."),
("chj",4,"2023-05-21",2,1200,"오운완"),
("chj",2,"2023-05-23",2,1700,"열심히 운동 했으니까 치맥해도 되겠지...?"),
("chj",2,"2023-05-25",2,2800,"열심히 운동 했으니까 치맥해도 되겠지...?"),

("hsb",3,"2023-05-10",1,500,"내일 출근 실화냐.."),
("hsb",1,"2023-05-12",2,3800,"아침운동 굿"),
("hsb",4,"2023-05-13",1,800,"오예 불금~~"),
("hsb",2,"2023-05-15",1,600,"BTS,봉준호,손흥민, 레츠고"),
("hsb",1,"2023-05-16",2,3000,"오늘,운동,성공적"),
("hsb",4,"2023-05-18",1,1200,"이제 알고리즘 문제 풀러 가볼까!!"),
("hsb",2,"2023-05-20",2,4400,"내일 출근 실화냐.."),
("hsb",4,"2023-05-21",1,3500,"오운완"),
("hsb",3,"2023-05-23",1,700,"굿굿"),
("hsb",2,"2023-05-25",2,4500,"오운완"),

("yep",4,"2023-05-10",1,4100,"내일 출근 실화냐.."),
("yep",1,"2023-05-12",1,400,"이제 알고리즘 문제 풀러 가볼까!!"),
("yep",4,"2023-05-13",1,1400,"오늘,운동,성공적"),
("yep",4,"2023-05-15",1,2100,"이제 코딩 하러 가볼까!!"),
("yep",2,"2023-05-16",1,2800,"이제 알고리즘 문제 풀러 가볼까!!"),
("yep",2,"2023-05-18",2,1500,"BTS,봉준호,손흥민, 레츠고"),
("yep",1,"2023-05-20",1,3100,"오늘도 보람찬 하루였다!"),
("yep",2,"2023-05-21",2,2800,"오늘 하루 열심히 산 나 칭찬해~"),
("yep",2,"2023-05-23",2,2400,"."),
("yep",1,"2023-05-25",1,2500,"오늘도 보람찬 하루였다!"),

("ljy",4,"2023-05-10",1,4400,"굿굿"),
("ljy",1,"2023-05-12",1,2900,"내일 출근 실화냐.."),
("ljy",1,"2023-05-13",2,4300,"오운완"),
("ljy",1,"2023-05-15",1,3300,"오늘도 보람찬 하루였다!"),
("ljy",3,"2023-05-16",2,4100,"오늘도 보람찬 하루였다!"),
("ljy",3,"2023-05-18",2,1900,"오예 불금~~"),
("ljy",4,"2023-05-20",1,3300,"이제 알고리즘 문제 풀러 가볼까!!"),
("ljy",3,"2023-05-21",2,700,"오늘,운동,성공적"),
("ljy",2,"2023-05-23",1,4000,"오늘도 보람찬 하루였다!"),
("ljy",3,"2023-05-25",1,4600,"오늘 하루 열심히 산 나 칭찬해~"),

("lcj",3,"2023-05-10",2,3200,"오늘 하루 열심히 산 나 칭찬해~"),
("lcj",3,"2023-05-12",1,4300,"내일 출근 실화냐.."),
("lcj",3,"2023-05-13",2,2600,"오늘 하루 열심히 산 나 칭찬해~"),
("lcj",2,"2023-05-15",2,3400,"BTS,봉준호,손흥민, 레츠고"),
("lcj",3,"2023-05-16",2,4500,"."),
("lcj",1,"2023-05-18",2,100,"."),
("lcj",1,"2023-05-20",2,4400,"열심히 운동 했으니까 치맥해도 되겠지...?"),
("lcj",4,"2023-05-21",1,3500,"이제 코딩 하러 가볼까!!"),
("lcj",1,"2023-05-23",2,800,"BTS,봉준호,손흥민, 레츠고"),
("lcj",1,"2023-05-25",1,2200,"내일 출근 실화냐.."),

("jhr",2,"2023-05-10",1,4200,"아침운동 굿"),
("jhr",1,"2023-05-12",2,1100,"이제 알고리즘 문제 풀러 가볼까!!"),
("jhr",4,"2023-05-13",2,4600,"오예 불금~~"),
("jhr",4,"2023-05-15",1,3000,"."),
("jhr",1,"2023-05-16",2,2500,"오예 불금~~"),
("jhr",2,"2023-05-18",2,1800,"열심히 운동 했으니까 치맥해도 되겠지...?"),
("jhr",2,"2023-05-20",2,1400,"아침운동 굿"),
("jhr",3,"2023-05-21",2,4800,"아침운동 굿"),
("jhr",2,"2023-05-23",1,2600,"오늘도 보람찬 하루였다!"),
("jhr",4,"2023-05-25",2,500,"이제 코딩 하러 가볼까!!")
;



SELECT daily_id as dailyId, user_id as userId, sports_id as sportsId, date, daily_time as dailyTime, daily_distance as dailyDistance, comment
FROM daily;

SELECT d.daily_id,d.user_id,s.sports_name, d.date,d.daily_distance,d.daily_time,d.comment
FROM daily as d, goal as g, sports as s
WHERE d.sports_id=g.sports_id AND d.sports_id=s.sports_id;

-- -----------------------------------------------------
-- SELECT Year(date)
-- FROM daily;

-- SELECT phrase_id as phraseId, content
-- FROM phrase;

-- 		SELECT team_id as teamId, team_name as teamName, create_time as createTime, max_capacity as maxCapacity, cur_capacity as curCapacity, info, announce, team_img as teamImg, team_img_org as teamImgOrg
-- 		FROM team;

-- SELECT *
-- FROM daily
-- WHERE YEAR(date)=2023 AND MONTH(date)=5;

-- SELECT d.daily_id, d.user_id, d.sports_id, d.date, d.daily_time, d.daily_distance, d.comment
-- FROM daily as d, team as t, user as u
-- WHERE u.team_id=t.team_id AND d.user_id=u.user_id;

-- SELECT d.daily_id, d.user_id, d.sports_id, d.date, d.daily_time, d.daily_distance, d.comment
-- FROM daily as d, team as t, user as u
-- WHERE u.team_id=t.team_id AND d.user_id=u.user_id;

-- SELECT *
-- FROM goal;

-- SELECT *
-- FROM daily;

-- SELECT user_id, year(date),week(date,7) as w, sum(daily_time),sum(daily_distance), sports_id
-- FROM daily
-- GROUP BY year(date),week(date,7), user_id, sports_id
-- HAVING w=20 AND user_id="swim"
-- ;

-- SELECT year(date) as year ,week(date,7) as week, user_id as userId, sports_id as sportsId,  sum(daily_time) as timeSum,sum(daily_distance) as distanceSum
-- FROM daily
-- GROUP BY year(date),week(date,7), user_id, sports_id
-- HAVING week=20 AND sports_id=3 AND user_id in
-- 										(SELECT user_id
-- 										FROM user
-- 										WHERE team_id=1)
-- ;


-- SELECT year(date) as year ,month(date) as month, week(date,7) as week, user_id as userId, sports_id as sportsId,  sum(daily_time) as timeSum,sum(daily_distance) as distanceSum
-- FROM daily
-- GROUP BY year(date),week(date,7), user_id, sports_id
-- HAVING year=year(now()) AND week=week(now(),7) 
-- 			AND user_id in
-- 						(SELECT user_id
-- 						FROM user
-- 						WHERE team_id=2)
-- 			AND sports_id in
-- 						(SELECT sports_id
--                         FROM goal
--                         WHERE team_id=2
--                         )
-- ;

-- SELECT year(date) as year ,month(date) as month, week(date,7) as week, user_id as userId, sports_id as sportsId,  sum(daily_time) as timeSum,sum(daily_distance) as distanceSum
-- FROM daily
-- GROUP BY year(date),week(date,7), user_id, sports_id
-- HAVING year=year(now()) AND week=week(now(),7) 
-- 			AND user_id in
-- 						(SELECT user_id
-- 						FROM user
-- 						WHERE team_id=2)
-- 			AND sports_id in
-- 						(SELECT sports_id
--                         FROM goal
--                         WHERE team_id=2
--                         )
-- ;

-- SELECT user_id
-- FROM user
-- WHERE team_id=1
-- ;

-- SELECT year(date) as year ,week(date,7) as week, user_id as userId, sports_id as sportsId,  sum(daily_time) as timeSum,sum(daily_distance) as distanceSum
-- FROM daily
-- GROUP BY year(date),week(date,7), user_id, sports_id
-- HAVING week=20 AND sports_id=3 AND user_id="swim" 
-- ;

-- SELECT *
-- FROM daily;


-- 		SELECT d.daily_id as dailyId, d.user_id as userId, d.sports_id as sportsId, d.date as date, d.daily_time as dailyTime, d.daily_distance as dailyDistance, d.comment as comment
-- 		FROM daily as d, team as t, user as u
-- 		WHERE u.team_id=t.team_id AND d.user_id=u.user_id
-- 				AND Year(date)=2023 AND Month(date)=5 AND t.team_id=2;


-- 	SELECT year(date) as year, month(date) as month ,week(date,7) as week, user_id as userId, sports_id as sportsId,  sum(daily_time) as timeSum,sum(daily_distance) as distanceSum
-- 	FROM daily
-- 	GROUP BY year(date),week(date,7), user_id, sports_id
-- 	HAVING year=2023 AND month=5 AND user_id="ssaowner"
-- 			AND sports_id in
-- 							(SELECT sports_id
-- 		                     FROM goal
-- 		                     WHERE team_id=2)
-- 	;
--     
--     SELECT year(date) as year, month(date) as month ,week(date,7) as week, user_id as userId, sports_id as sportsId,  sum(daily_time) as timeSum,sum(daily_distance) as distanceSum
-- 	FROM daily
-- 	GROUP BY year(date),week(date,7), user_id, sports_id
-- 	HAVING year=year(now()) AND week=week(now(),7) AND user_id="ssaowner"
-- 			AND sports_id in
-- 							(SELECT sports_id
-- 		                     FROM goal
-- 		                     WHERE team_id=2)
-- 	;
--     
--     SELECT year(now()) as year, month(now()) as month ,week(now(),7) as week, user_id as userId, sports_id as sportsId, sum(daily_time) as timeSum,sum(daily_distance) as distanceSum
--     FROM daily
--     GROUP BY year(date),week(date,7), user_id, sports_id
--     HAVING year=year(now()) AND week=week(now(),7) AND user_id in (SELECT user_id FROM user WHERE team_id=2) AND sports_id in (SELECT sports_id FROM goal WHERE team_id=2) ;
--     
-- UPDATE goal
-- SET visible=false
-- WHERE goal_id=1;

		SELECT  d.daily_id as dailyId, d.user_id as userId, d.sports_id as sportsId, d.date as date, d.daily_time as dailyTime, d.daily_distance as dailyDistance, d.comment as comment
		FROM daily as d, team as t, user as u
		WHERE u.team_id=t.team_id AND d.user_id=u.user_id
				AND Year(date)=2023 AND Month(date)=5 AND t.team_id=2
                ORDER BY reg_date, userId, date
                
                ;
                
--                 		UPDATE user
-- 		SET team_id = 1, reg_date=now()
-- 		WHERE user_id = "ssafy";
        
        select * from user;
        
        
        		SELECT d.daily_id as dailyId, d.user_id as userId,u.nickname as nickname, d.sports_id as sportsId, d.date as date, d.daily_time as dailyTime, d.daily_distance as dailyDistance, d.comment as comment
		FROM daily as d, team as t, user as u
		WHERE u.team_id=t.team_id AND d.user_id=u.user_id
				AND Year(date)=2023 AND Month(date)=5 AND t.team_id=2
		ORDER BY reg_date, userId, date;